<?xml version="1.0" encoding="UTF-8"?>
<config>
    <menu>
        <templates_master>
            <title>Templates Master</title>
            <sort_order>71</sort_order>
            <children>
                <testimonials translate="title" module="testimonials">
                    <title>Testimonials</title>
                    <sort_order>2021</sort_order>
                    <children>
                        <testimonials>
                            <title>Manage Testimonials</title>
                            <sort_order>10</sort_order>
                            <action>adminhtml/testimonials_index/index</action>
                        </testimonials>
                    </children>
                </testimonials>
            </children>
        </templates_master>
    </menu>
    <acl>
        <resources>
            <admin>
                <children>
                    <system>
                        <children>
                            <config>
                                <children>
                                    <testimonials translate="title" module="testimonials">
                                        <title>Testimonials Settings</title>
                                    </testimonials>
                                </children>
                            </config>
                        </children>
                    </system>
                    <templates_master>
                        <title>Templates Master</title>
                        <sort_order>71</sort_order>
                        <children>
                            <testimonials translate="title" module="testimonials">
                                <title>Testimonials</title>
                                <sort_order>2021</sort_order>
                                <children>
                                    <testimonials>
                                        <title>Manage Testimonials</title>
                                        <sort_order>10</sort_order>
                                        <children>
                                            <save translate="title">
                                                <title>Save</title>
                                                <sort_order>0</sort_order>
                                            </save>
                                            <delete translate="title">
                                                <title>Delete</title>
                                                <sort_order>10</sort_order>
                                            </delete>
                                            <approve translate="title">
                                                <title>Approve</title>
                                                <sort_order>10</sort_order>
                                            </approve>
                                        </children>
                                    </testimonials>
                                </children>
                            </testimonials>
                        </children>
                    </templates_master>
                </children>
            </admin>
        </resources>
    </acl>
</config>
